{
    "error": "",
    "success": "",
    "fetchStudents": [
        {
            "Id": 51,
            "Name": "Գրետա",
            "Sname": "Հայկանյան",
            "Bday": "2024-08-05",
            "Gender": "Իգական",
            "Img": "61103te.jpg",
            "userName": "user.rvw28",
            "password": "650a95e9720e45ec2f27385aa82d32e4",
            "email": "",
            "code": 0,
            "status": "notverified",
            "deleted": 0,
            "user": 1,
            "totalPrice": "0",
            "DiscountPrice": "0.00"
        },
        {
            "Id": 50,
            "Name": "Նարե",
            "Sname": "Հայկանյան",
            "Bday": "2024-08-08",
            "Gender": "Իգական",
            "Img": "76660te.jpg",
            "userName": "user.rgy43",
            "password": "0d1eb5c7fec679541948448def7a937c",
            "email": "",
            "code": 0,
            "status": "notverified",
            "deleted": 0,
            "user": 1,
            "totalPrice": "0",
            "DiscountPrice": "0.00"
        },
        {
            "Id": 49,
            "Name": "Արման",
            "Sname": "Վարդանյան",
            "Bday": "2024-08-12",
            "Gender": "Արական",
            "Img": "55277Hulk-IMG-Worlds-of-Adventure.jpeg.webp",
            "userName": "user-sbq70",
            "password": "b4439ee5e2e728d9d18eee3cb33b2628",
            "email": "",
            "code": 0,
            "status": "notverified",
            "deleted": 0,
            "user": 1,
            "totalPrice": "0",
            "DiscountPrice": "0.00"
        },
        {
            "Id": 48,
            "Name": "Նարե",
            "Sname": "Վարդանյան",
            "Bday": "2024-08-06",
            "Gender": "Իգական",
            "Img": "44028te.jpg",
            "userName": "user_zwu28",
            "password": "99681339615d01fb1ab75585949242f9",
            "email": "",
            "code": 0,
            "status": "notverified",
            "deleted": 0,
            "user": 1,
            "totalPrice": "216000",
            "DiscountPrice": "162000.00"
        },
        {
            "Id": 47,
            "Name": "Գրետա",
            "Sname": "Հայկանյան",
            "Bday": "2024-08-15",
            "Gender": "Իգական",
            "Img": "49573te.jpg",
            "userName": "user-wua53",
            "password": "6b34ee39b2a0a666b19975fe10cd56d1",
            "email": "",
            "code": 0,
            "status": "notverified",
            "deleted": 0,
            "user": 1,
            "totalPrice": "0",
            "DiscountPrice": "0.00"
        }
    ],
    "selectedCourses": [
        {
            "Id": "48",
            "Name": "Նարե",
            "Sname": "Վարդանյան",
            "Bday": "2024-08-06",
            "email": "",
            "coursesId": "5",
            "coursName": "SEO Դասընթաց + Պրակտիկա",
            "level": "սկսնակ",
            "duration": "2",
            "price": "59000",
            "totalPrice": "118000",
            "DiscountPrice": "118000.00"
        },
        {
            "Id": "48",
            "Name": "Նարե",
            "Sname": "Վարդանյան",
            "Bday": "2024-08-06",
            "email": "",
            "coursesId": "4",
            "coursName": "SMM Architecture: Գործիքներից Ռազմավարություն",
            "level": "սկսնակ",
            "duration": "2",
            "price": "49000",
            "totalPrice": "98000",
            "DiscountPrice": "98000.00"
        },
        {
            "Id": "46",
            "Name": "Գրետա",
            "Sname": "Հայկանյան",
            "Bday": "2024-08-20",
            "email": "",
            "coursesId": "3",
            "coursName": "Frontend Development Academic Program",
            "level": "սկսնակ",
            "duration": "6",
            "price": "55000",
            "totalPrice": "330000",
            "DiscountPrice": "247500.00"
        },
        {
            "Id": "44",
            "Name": "Գրետա",
            "Sname": "Հայկանյան",
            "Bday": "2018-01-15",
            "email": "haykanyangreta1@gmail.com",
            "coursesId": "7",
            "coursName": "UX\/UI Սկսնակների Համար",
            "level": "սկսնակ",
            "duration": "3",
            "price": "59000",
            "totalPrice": "177000",
            "DiscountPrice": "150450.00"
        },
        {
            "Id": "44",
            "Name": "Գրետա",
            "Sname": "Հայկանյան",
            "Bday": "2018-01-15",
            "email": "haykanyangreta1@gmail.com",
            "coursesId": "6",
            "coursName": "Agile Project Management: Advanced Practices",
            "level": "սկսնակ,միջին",
            "duration": "2",
            "price": "69000",
            "totalPrice": "138000",
            "DiscountPrice": "138000.00"
        },
        {
            "Id": "44",
            "Name": "Գրետա",
            "Sname": "Հայկանյան",
            "Bday": "2018-01-15",
            "email": "haykanyangreta1@gmail.com",
            "coursesId": "3",
            "coursName": "Frontend Development Academic Program",
            "level": "սկսնակ",
            "duration": "6",
            "price": "55000",
            "totalPrice": "330000",
            "DiscountPrice": "247500.00"
        },
        {
            "Id": "44",
            "Name": "Գրետա",
            "Sname": "Հայկանյան",
            "Bday": "2018-01-15",
            "email": "haykanyangreta1@gmail.com",
            "coursesId": "2",
            "coursName": "Graphic Design",
            "level": "սկսնակ",
            "duration": "2",
            "price": "45000",
            "totalPrice": "90000",
            "DiscountPrice": "90000.00"
        },
        {
            "Id": "41",
            "Name": "Սարգիս",
            "Sname": "Գրիգորյան",
            "Bday": "2024-08-13",
            "email": "",
            "coursesId": "7",
            "coursName": "UX\/UI Սկսնակների Համար",
            "level": "սկսնակ",
            "duration": "3",
            "price": "59000",
            "totalPrice": "177000",
            "DiscountPrice": "150450.00"
        },
        {
            "Id": "41",
            "Name": "Սարգիս",
            "Sname": "Գրիգորյան",
            "Bday": "2024-08-13",
            "email": "",
            "coursesId": "5",
            "coursName": "SEO Դասընթաց + Պրակտիկա",
            "level": "սկսնակ",
            "duration": "2",
            "price": "59000",
            "totalPrice": "118000",
            "DiscountPrice": "118000.00"
        },
        {
            "Id": "41",
            "Name": "Սարգիս",
            "Sname": "Գրիգորյան",
            "Bday": "2024-08-13",
            "email": "",
            "coursesId": "3",
            "coursName": "Frontend Development Academic Program",
            "level": "սկսնակ",
            "duration": "6",
            "price": "55000",
            "totalPrice": "330000",
            "DiscountPrice": "247500.00"
        },
        {
            "Id": "41",
            "Name": "Սարգիս",
            "Sname": "Գրիգորյան",
            "Bday": "2024-08-13",
            "email": "",
            "coursesId": "2",
            "coursName": "Graphic Design",
            "level": "սկսնակ",
            "duration": "2",
            "price": "45000",
            "totalPrice": "90000",
            "DiscountPrice": "90000.00"
        },
        {
            "Id": "40",
            "Name": "Նարե",
            "Sname": "Վարդանյան",
            "Bday": "2024-08-21",
            "email": "",
            "coursesId": "2",
            "coursName": "Graphic Design",
            "level": "սկսնակ",
            "duration": "2",
            "price": "45000",
            "totalPrice": "90000",
            "DiscountPrice": "90000.00"
        },
        {
            "Id": "36",
            "Name": "Աննա",
            "Sname": "Մկրտչյան",
            "Bday": "2009-11-10",
            "email": "",
            "coursesId": "2",
            "coursName": "Graphic Design",
            "level": "սկսնակ",
            "duration": "2",
            "price": "45000",
            "totalPrice": "90000",
            "DiscountPrice": "90000.00"
        }
    ],
    "countStudentsPage": "5"
}